product_id,product_name,category,brand,date,price,competitor_price
PRD0001,Apple Headphone Model 206,Headphones,Apple,2026-02-15,5984.09,5966.63
PRD0001,Apple Headphone Model 206,Headphones,Apple,2026-02-16,5955.99,7037.3
PRD0001,Apple Headphone Model 206,Headphones,Apple,2026-02-17,6157.2,7405.83
PRD0001,Apple Headphone Model 206,Headphones,Apple,2026-02-18,6417.17,7158.72
PRD0001,Apple Headphone Model 206,Headphones,Apple,2026-02-19,6879.66,7258.5
PRD0001,Apple Headphone Model 206,Headphones,Apple,2026-02-20,6765.21,6154.81
PRD0001,Apple Headphone Model 206,Headphones,Apple,2026-02-21,6442.88,5760.94
PRD0002,Amazon Tablet Model 443,Tablets,Amazon,2026-02-15,15002.28,15803.74
PRD0002,Amazon Tablet Model 443,Tablets,Amazon,2026-02-16,16008.81,14755.19
PRD0002,Amazon Tablet Model 443,Tablets,Amazon,2026-02-17,15944.21,18212.95
PRD0002,Amazon Tablet Model 443,Tablets,Amazon,2026-02-18,15912.11,17161.8
PRD0002,Amazon Tablet Model 443,Tablets,Amazon,2026-02-19,16539.32,18851.71
PRD0002,Amazon Tablet Model 443,Tablets,Amazon,2026-02-20,16029.37,17704.49
PRD0002,Amazon Tablet Model 443,Tablets,Amazon,2026-02-21,16936.28,18572.16
PRD0003,Sony Headphone Model 158,Headphones,Sony,2026-02-15,9110.91,9304.08
PRD0003,Sony Headphone Model 158,Headphones,Sony,2026-02-16,9393.79,8068.89
PRD0003,Sony Headphone Model 158,Headphones,Sony,2026-02-17,9872.06,10578.1
PRD0003,Sony Headphone Model 158,Headphones,Sony,2026-02-18,10204.4,8207.5
PRD0003,Sony Headphone Model 158,Headphones,Sony,2026-02-19,10248.19,10218.61
PRD0003,Sony Headphone Model 158,Headphones,Sony,2026-02-20,9981.41,11253.64
PRD0003,Sony Headphone Model 158,Headphones,Sony,2026-02-21,9858.95,9031.39
PRD0004,Microsoft Tablet Model 931,Tablets,Microsoft,2026-02-15,17113.16,15375.95
PRD0004,Microsoft Tablet Model 931,Tablets,Microsoft,2026-02-16,15054.73,18418.5
PRD0004,Microsoft Tablet Model 931,Tablets,Microsoft,2026-02-17,15864.08,18048.79
PRD0004,Microsoft Tablet Model 931,Tablets,Microsoft,2026-02-18,15909.8,18616.4
PRD0004,Microsoft Tablet Model 931,Tablets,Microsoft,2026-02-19,15536.96,19354.78
PRD0004,Microsoft Tablet Model 931,Tablets,Microsoft,2026-02-20,16995.13,13756.92
PRD0004,Microsoft Tablet Model 931,Tablets,Microsoft,2026-02-21,16438.2,19425.19
PRD0005,Bose Headphone Model 876,Headphones,Bose,2026-02-15,11181.0,9804.64
PRD0005,Bose Headphone Model 876,Headphones,Bose,2026-02-16,11205.64,11288.97
PRD0005,Bose Headphone Model 876,Headphones,Bose,2026-02-17,11667.38,12126.45
PRD0005,Bose Headphone Model 876,Headphones,Bose,2026-02-18,11057.86,9966.02
PRD0005,Bose Headphone Model 876,Headphones,Bose,2026-02-19,11493.7,10881.2
PRD0005,Bose Headphone Model 876,Headphones,Bose,2026-02-20,10572.1,13032.85
PRD0005,Bose Headphone Model 876,Headphones,Bose,2026-02-21,11576.68,12056.08
PRD0006,Apple Tablet Model 661,Tablets,Apple,2026-02-15,43674.56,42023.75
PRD0006,Apple Tablet Model 661,Tablets,Apple,2026-02-16,43624.52,41499.28
PRD0006,Apple Tablet Model 661,Tablets,Apple,2026-02-17,38654.9,39956.94
PRD0006,Apple Tablet Model 661,Tablets,Apple,2026-02-18,41514.15,45189.09
PRD0006,Apple Tablet Model 661,Tablets,Apple,2026-02-19,38916.73,35550.84
PRD0006,Apple Tablet Model 661,Tablets,Apple,2026-02-20,39960.69,37651.98
PRD0006,Apple Tablet Model 661,Tablets,Apple,2026-02-21,43073.86,37390.04
PRD0007,Xiaomi Smartphone Model 301,Smartphones,Xiaomi,2026-02-15,77309.02,75523.62
PRD0007,Xiaomi Smartphone Model 301,Smartphones,Xiaomi,2026-02-16,76584.71,85934.47
PRD0007,Xiaomi Smartphone Model 301,Smartphones,Xiaomi,2026-02-17,74538.91,83899.87
PRD0007,Xiaomi Smartphone Model 301,Smartphones,Xiaomi,2026-02-18,74752.74,71272.4
PRD0007,Xiaomi Smartphone Model 301,Smartphones,Xiaomi,2026-02-19,81251.67,66140.13
PRD0007,Xiaomi Smartphone Model 301,Smartphones,Xiaomi,2026-02-20,70735.36,83902.13
PRD0007,Xiaomi Smartphone Model 301,Smartphones,Xiaomi,2026-02-21,70467.85,85903.35
PRD0008,Panasonic Camera Model 978,Cameras,Panasonic,2026-02-15,93119.74,109699.12
PRD0008,Panasonic Camera Model 978,Cameras,Panasonic,2026-02-16,97399.16,98219.09
PRD0008,Panasonic Camera Model 978,Cameras,Panasonic,2026-02-17,100827.25,90176.33
PRD0008,Panasonic Camera Model 978,Cameras,Panasonic,2026-02-18,100899.19,80331.56
PRD0008,Panasonic Camera Model 978,Cameras,Panasonic,2026-02-19,93820.51,85407.68
PRD0008,Panasonic Camera Model 978,Cameras,Panasonic,2026-02-20,94664.65,81347.93
PRD0008,Panasonic Camera Model 978,Cameras,Panasonic,2026-02-21,99205.16,107098.94
PRD0009,Canon Camera Model 938,Cameras,Canon,2026-02-15,74008.64,59455.16
PRD0009,Canon Camera Model 938,Cameras,Canon,2026-02-16,70345.28,68273.11
PRD0009,Canon Camera Model 938,Cameras,Canon,2026-02-17,67266.39,64887.46
PRD0009,Canon Camera Model 938,Cameras,Canon,2026-02-18,68021.46,74638.63
PRD0009,Canon Camera Model 938,Cameras,Canon,2026-02-19,70068.83,67871.47
PRD0009,Canon Camera Model 938,Cameras,Canon,2026-02-20,64303.39,57333.03
PRD0009,Canon Camera Model 938,Cameras,Canon,2026-02-21,63491.1,81889.51
PRD0010,Nikon Camera Model 140,Cameras,Nikon,2026-02-15,43145.07,39415.34
PRD0010,Nikon Camera Model 140,Cameras,Nikon,2026-02-16,45464.1,52615.73
PRD0010,Nikon Camera Model 140,Cameras,Nikon,2026-02-17,50318.19,52289.32
PRD0010,Nikon Camera Model 140,Cameras,Nikon,2026-02-18,48282.56,47253.21
PRD0010,Nikon Camera Model 140,Cameras,Nikon,2026-02-19,43755.68,55440.85
PRD0010,Nikon Camera Model 140,Cameras,Nikon,2026-02-20,48791.07,49458.13
PRD0010,Nikon Camera Model 140,Cameras,Nikon,2026-02-21,48795.9,51054.05
PRD0011,Sony Camera Model 971,Cameras,Sony,2026-02-15,106948.83,124768.14
PRD0011,Sony Camera Model 971,Cameras,Sony,2026-02-16,111404.99,110790.45
PRD0011,Sony Camera Model 971,Cameras,Sony,2026-02-17,107885.56,85880.62
PRD0011,Sony Camera Model 971,Cameras,Sony,2026-02-18,107496.13,85569.58
PRD0011,Sony Camera Model 971,Cameras,Sony,2026-02-19,106128.9,125554.14
PRD0011,Sony Camera Model 971,Cameras,Sony,2026-02-20,105585.43,103529.56
PRD0011,Sony Camera Model 971,Cameras,Sony,2026-02-21,101517.41,88765.92
PRD0012,Apple Tablet Model 114,Tablets,Apple,2026-02-15,15768.07,13336.26
PRD0012,Apple Tablet Model 114,Tablets,Apple,2026-02-16,14270.0,14730.13
PRD0012,Apple Tablet Model 114,Tablets,Apple,2026-02-17,15924.55,16696.58
PRD0012,Apple Tablet Model 114,Tablets,Apple,2026-02-18,14123.05,14933.17
PRD0012,Apple Tablet Model 114,Tablets,Apple,2026-02-19,15260.58,16085.19
PRD0012,Apple Tablet Model 114,Tablets,Apple,2026-02-20,15571.35,14383.03
PRD0012,Apple Tablet Model 114,Tablets,Apple,2026-02-21,15353.63,15090.81
PRD0013,Apple Headphone Model 330,Headphones,Apple,2026-02-15,9102.16,8677.8
PRD0013,Apple Headphone Model 330,Headphones,Apple,2026-02-16,8493.11,8246.42
PRD0013,Apple Headphone Model 330,Headphones,Apple,2026-02-17,8673.36,9616.52
PRD0013,Apple Headphone Model 330,Headphones,Apple,2026-02-18,8626.68,9128.41
PRD0013,Apple Headphone Model 330,Headphones,Apple,2026-02-19,8900.3,8643.17
PRD0013,Apple Headphone Model 330,Headphones,Apple,2026-02-20,8473.6,9865.81
PRD0013,Apple Headphone Model 330,Headphones,Apple,2026-02-21,8460.83,8443.48
PRD0014,Google Smartphone Model 745,Smartphones,Google,2026-02-15,56680.34,42050.59
PRD0014,Google Smartphone Model 745,Smartphones,Google,2026-02-16,49912.1,50117.6
PRD0014,Google Smartphone Model 745,Smartphones,Google,2026-02-17,56194.7,43517.82
PRD0014,Google Smartphone Model 745,Smartphones,Google,2026-02-18,48432.2,43153.16
PRD0014,Google Smartphone Model 745,Smartphones,Google,2026-02-19,49097.01,42835.99
PRD0014,Google Smartphone Model 745,Smartphones,Google,2026-02-20,52386.98,54254.74
PRD0014,Google Smartphone Model 745,Smartphones,Google,2026-02-21,50637.09,50418.72
PRD0015,Sony Headphone Model 289,Headphones,Sony,2026-02-15,11677.79,11676.25
PRD0015,Sony Headphone Model 289,Headphones,Sony,2026-02-16,12539.02,13654.8
PRD0015,Sony Headphone Model 289,Headphones,Sony,2026-02-17,11501.17,12330.63
PRD0015,Sony Headphone Model 289,Headphones,Sony,2026-02-18,12088.2,14257.26
PRD0015,Sony Headphone Model 289,Headphones,Sony,2026-02-19,12924.9,12939.33
PRD0015,Sony Headphone Model 289,Headphones,Sony,2026-02-20,12048.75,14544.71
PRD0015,Sony Headphone Model 289,Headphones,Sony,2026-02-21,11584.64,10542.28
PRD0016,Apple Tablet Model 776,Tablets,Apple,2026-02-15,67376.14,58264.82
PRD0016,Apple Tablet Model 776,Tablets,Apple,2026-02-16,73572.06,76737.66
PRD0016,Apple Tablet Model 776,Tablets,Apple,2026-02-17,65920.94,70993.69
PRD0016,Apple Tablet Model 776,Tablets,Apple,2026-02-18,73856.36,79102.04
PRD0016,Apple Tablet Model 776,Tablets,Apple,2026-02-19,69670.8,79637.53
PRD0016,Apple Tablet Model 776,Tablets,Apple,2026-02-20,73931.55,75239.19
PRD0016,Apple Tablet Model 776,Tablets,Apple,2026-02-21,63792.73,65865.74
PRD0017,Sony Headphone Model 596,Headphones,Sony,2026-02-15,20276.8,17163.78
PRD0017,Sony Headphone Model 596,Headphones,Sony,2026-02-16,20254.69,16315.58
PRD0017,Sony Headphone Model 596,Headphones,Sony,2026-02-17,17842.53,18345.1
PRD0017,Sony Headphone Model 596,Headphones,Sony,2026-02-18,17811.1,22755.6
PRD0017,Sony Headphone Model 596,Headphones,Sony,2026-02-19,20241.04,21551.36
PRD0017,Sony Headphone Model 596,Headphones,Sony,2026-02-20,19636.45,17054.17
PRD0017,Sony Headphone Model 596,Headphones,Sony,2026-02-21,19293.2,19985.5
PRD0018,HP Laptop Model 319,Laptops,HP,2026-02-15,143613.88,129322.42
PRD0018,HP Laptop Model 319,Laptops,HP,2026-02-16,143389.97,142536.71
PRD0018,HP Laptop Model 319,Laptops,HP,2026-02-17,154400.42,165780.87
PRD0018,HP Laptop Model 319,Laptops,HP,2026-02-18,142202.91,150075.03
PRD0018,HP Laptop Model 319,Laptops,HP,2026-02-19,148713.93,116427.66
PRD0018,HP Laptop Model 319,Laptops,HP,2026-02-20,152079.39,163646.16
PRD0018,HP Laptop Model 319,Laptops,HP,2026-02-21,142066.77,136814.13
PRD0019,Xiaomi Smartphone Model 302,Smartphones,Xiaomi,2026-02-15,60385.71,62077.41
PRD0019,Xiaomi Smartphone Model 302,Smartphones,Xiaomi,2026-02-16,58093.96,71489.66
PRD0019,Xiaomi Smartphone Model 302,Smartphones,Xiaomi,2026-02-17,58004.18,58377.21
PRD0019,Xiaomi Smartphone Model 302,Smartphones,Xiaomi,2026-02-18,66989.08,68557.56
PRD0019,Xiaomi Smartphone Model 302,Smartphones,Xiaomi,2026-02-19,60470.24,56462.2
PRD0019,Xiaomi Smartphone Model 302,Smartphones,Xiaomi,2026-02-20,57699.99,67567.54
PRD0019,Xiaomi Smartphone Model 302,Smartphones,Xiaomi,2026-02-21,58138.14,63479.18
PRD0020,Dell Laptop Model 286,Laptops,Dell,2026-02-15,88177.95,69280.86
PRD0020,Dell Laptop Model 286,Laptops,Dell,2026-02-16,87289.33,98248.43
PRD0020,Dell Laptop Model 286,Laptops,Dell,2026-02-17,76346.6,94682.71
PRD0020,Dell Laptop Model 286,Laptops,Dell,2026-02-18,82318.23,95458.05
PRD0020,Dell Laptop Model 286,Laptops,Dell,2026-02-19,83043.93,87431.21
PRD0020,Dell Laptop Model 286,Laptops,Dell,2026-02-20,82682.13,94077.97
PRD0020,Dell Laptop Model 286,Laptops,Dell,2026-02-21,85179.9,82805.25
PRD0021,Sony Headphone Model 739,Headphones,Sony,2026-02-15,21559.32,18285.61
PRD0021,Sony Headphone Model 739,Headphones,Sony,2026-02-16,19243.75,17594.3
PRD0021,Sony Headphone Model 739,Headphones,Sony,2026-02-17,19819.27,18231.89
PRD0021,Sony Headphone Model 739,Headphones,Sony,2026-02-18,21761.06,17149.91
PRD0021,Sony Headphone Model 739,Headphones,Sony,2026-02-19,21008.23,17829.02
PRD0021,Sony Headphone Model 739,Headphones,Sony,2026-02-20,21603.22,24116.95
PRD0021,Sony Headphone Model 739,Headphones,Sony,2026-02-21,20247.52,23447.16
PRD0022,Samsung Smartphone Model 671,Smartphones,Samsung,2026-02-15,24283.03,29745.93
PRD0022,Samsung Smartphone Model 671,Smartphones,Samsung,2026-02-16,25225.97,30682.14
PRD0022,Samsung Smartphone Model 671,Smartphones,Samsung,2026-02-17,24266.05,26963.63
PRD0022,Samsung Smartphone Model 671,Smartphones,Samsung,2026-02-18,27453.84,23825.55
PRD0022,Samsung Smartphone Model 671,Smartphones,Samsung,2026-02-19,25076.22,21983.9
PRD0022,Samsung Smartphone Model 671,Smartphones,Samsung,2026-02-20,25638.66,27002.26
PRD0022,Samsung Smartphone Model 671,Smartphones,Samsung,2026-02-21,24750.11,25070.33
PRD0023,Dell Laptop Model 915,Laptops,Dell,2026-02-15,76150.6,93176.52
PRD0023,Dell Laptop Model 915,Laptops,Dell,2026-02-16,77729.08,75480.01
PRD0023,Dell Laptop Model 915,Laptops,Dell,2026-02-17,76274.3,80402.1
PRD0023,Dell Laptop Model 915,Laptops,Dell,2026-02-18,87139.33,79076.86
PRD0023,Dell Laptop Model 915,Laptops,Dell,2026-02-19,78404.08,91028.47
PRD0023,Dell Laptop Model 915,Laptops,Dell,2026-02-20,86460.81,71857.33
PRD0023,Dell Laptop Model 915,Laptops,Dell,2026-02-21,86223.43,97428.24
PRD0024,Sennheiser Headphone Model 326,Headphones,Sennheiser,2026-02-15,24450.26,28628.7
PRD0024,Sennheiser Headphone Model 326,Headphones,Sennheiser,2026-02-16,26690.95,25555.98
PRD0024,Sennheiser Headphone Model 326,Headphones,Sennheiser,2026-02-17,24002.04,21434.91
PRD0024,Sennheiser Headphone Model 326,Headphones,Sennheiser,2026-02-18,27285.4,30893.02
PRD0024,Sennheiser Headphone Model 326,Headphones,Sennheiser,2026-02-19,26556.56,25270.66
PRD0024,Sennheiser Headphone Model 326,Headphones,Sennheiser,2026-02-20,26438.87,26804.26
PRD0024,Sennheiser Headphone Model 326,Headphones,Sennheiser,2026-02-21,25348.01,21341.22
PRD0025,Amazon Tablet Model 260,Tablets,Amazon,2026-02-15,64937.06,58593.78
PRD0025,Amazon Tablet Model 260,Tablets,Amazon,2026-02-16,64910.11,55645.98
PRD0025,Amazon Tablet Model 260,Tablets,Amazon,2026-02-17,56829.37,53334.41
PRD0025,Amazon Tablet Model 260,Tablets,Amazon,2026-02-18,61449.12,72736.08
PRD0025,Amazon Tablet Model 260,Tablets,Amazon,2026-02-19,57829.04,70510.4
PRD0025,Amazon Tablet Model 260,Tablets,Amazon,2026-02-20,62027.04,69811.55
PRD0025,Amazon Tablet Model 260,Tablets,Amazon,2026-02-21,59767.62,70158.05
PRD0026,Dell Laptop Model 982,Laptops,Dell,2026-02-15,114896.65,98203.54
PRD0026,Dell Laptop Model 982,Laptops,Dell,2026-02-16,103597.13,126298.79
PRD0026,Dell Laptop Model 982,Laptops,Dell,2026-02-17,118250.71,89451.24
PRD0026,Dell Laptop Model 982,Laptops,Dell,2026-02-18,114164.72,128124.99
PRD0026,Dell Laptop Model 982,Laptops,Dell,2026-02-19,116385.74,130546.81
PRD0026,Dell Laptop Model 982,Laptops,Dell,2026-02-20,114672.44,107550.05
PRD0026,Dell Laptop Model 982,Laptops,Dell,2026-02-21,106778.62,102197.16
PRD0027,Samsung Tablet Model 897,Tablets,Samsung,2026-02-15,65680.69,69638.82
PRD0027,Samsung Tablet Model 897,Tablets,Samsung,2026-02-16,60364.25,72740.18
PRD0027,Samsung Tablet Model 897,Tablets,Samsung,2026-02-17,65584.33,64995.45
PRD0027,Samsung Tablet Model 897,Tablets,Samsung,2026-02-18,63115.21,64500.45
PRD0027,Samsung Tablet Model 897,Tablets,Samsung,2026-02-19,59947.17,55889.39
PRD0027,Samsung Tablet Model 897,Tablets,Samsung,2026-02-20,59256.51,54620.21
PRD0027,Samsung Tablet Model 897,Tablets,Samsung,2026-02-21,62934.24,64173.84
PRD0028,Apple Tablet Model 116,Tablets,Apple,2026-02-15,51169.7,62029.62
PRD0028,Apple Tablet Model 116,Tablets,Apple,2026-02-16,53620.96,64581.03
PRD0028,Apple Tablet Model 116,Tablets,Apple,2026-02-17,59594.54,48470.86
PRD0028,Apple Tablet Model 116,Tablets,Apple,2026-02-18,55110.75,44384.92
PRD0028,Apple Tablet Model 116,Tablets,Apple,2026-02-19,56319.31,57826.93
PRD0028,Apple Tablet Model 116,Tablets,Apple,2026-02-20,53207.3,56742.52
PRD0028,Apple Tablet Model 116,Tablets,Apple,2026-02-21,53012.12,47924.52
PRD0029,Canon Camera Model 280,Cameras,Canon,2026-02-15,20793.16,18887.45
PRD0029,Canon Camera Model 280,Cameras,Canon,2026-02-16,20594.19,19758.94
PRD0029,Canon Camera Model 280,Cameras,Canon,2026-02-17,21874.25,17455.45
PRD0029,Canon Camera Model 280,Cameras,Canon,2026-02-18,20186.01,21766.38
PRD0029,Canon Camera Model 280,Cameras,Canon,2026-02-19,19961.71,24155.75
PRD0029,Canon Camera Model 280,Cameras,Canon,2026-02-20,21021.73,21575.77
PRD0029,Canon Camera Model 280,Cameras,Canon,2026-02-21,21135.97,23976.69
PRD0030,Samsung Tablet Model 834,Tablets,Samsung,2026-02-15,52819.4,54032.39
PRD0030,Samsung Tablet Model 834,Tablets,Samsung,2026-02-16,51560.71,42561.36
PRD0030,Samsung Tablet Model 834,Tablets,Samsung,2026-02-17,46432.78,50990.29
PRD0030,Samsung Tablet Model 834,Tablets,Samsung,2026-02-18,45763.0,49234.06
PRD0030,Samsung Tablet Model 834,Tablets,Samsung,2026-02-19,47286.08,46529.95
PRD0030,Samsung Tablet Model 834,Tablets,Samsung,2026-02-20,51772.08,58335.33
PRD0030,Samsung Tablet Model 834,Tablets,Samsung,2026-02-21,46191.79,50263.15
PRD0031,OnePlus Smartphone Model 485,Smartphones,OnePlus,2026-02-15,21997.73,17267.33
PRD0031,OnePlus Smartphone Model 485,Smartphones,OnePlus,2026-02-16,21805.3,19549.95
PRD0031,OnePlus Smartphone Model 485,Smartphones,OnePlus,2026-02-17,20138.95,24687.96
PRD0031,OnePlus Smartphone Model 485,Smartphones,OnePlus,2026-02-18,19736.86,22330.89
PRD0031,OnePlus Smartphone Model 485,Smartphones,OnePlus,2026-02-19,21795.1,16924.68
PRD0031,OnePlus Smartphone Model 485,Smartphones,OnePlus,2026-02-20,21294.11,24473.07
PRD0031,OnePlus Smartphone Model 485,Smartphones,OnePlus,2026-02-21,19482.67,24014.31
PRD0032,OnePlus Smartphone Model 507,Smartphones,OnePlus,2026-02-15,61917.91,63837.83
PRD0032,OnePlus Smartphone Model 507,Smartphones,OnePlus,2026-02-16,62095.21,56085.16
PRD0032,OnePlus Smartphone Model 507,Smartphones,OnePlus,2026-02-17,65240.08,71907.1
PRD0032,OnePlus Smartphone Model 507,Smartphones,OnePlus,2026-02-18,62215.83,67907.72
PRD0032,OnePlus Smartphone Model 507,Smartphones,OnePlus,2026-02-19,62088.51,60612.37
PRD0032,OnePlus Smartphone Model 507,Smartphones,OnePlus,2026-02-20,62562.42,62286.09
PRD0032,OnePlus Smartphone Model 507,Smartphones,OnePlus,2026-02-21,61944.26,67917.72
PRD0033,JBL Headphone Model 242,Headphones,JBL,2026-02-15,23924.68,19589.61
PRD0033,JBL Headphone Model 242,Headphones,JBL,2026-02-16,22707.87,23408.68
PRD0033,JBL Headphone Model 242,Headphones,JBL,2026-02-17,24861.26,24893.4
PRD0033,JBL Headphone Model 242,Headphones,JBL,2026-02-18,24575.08,23799.09
PRD0033,JBL Headphone Model 242,Headphones,JBL,2026-02-19,24442.41,22356.7
PRD0033,JBL Headphone Model 242,Headphones,JBL,2026-02-20,23883.51,26342.88
PRD0033,JBL Headphone Model 242,Headphones,JBL,2026-02-21,25425.72,23361.14
PRD0034,Nikon Camera Model 441,Cameras,Nikon,2026-02-15,108295.12,101014.96
PRD0034,Nikon Camera Model 441,Cameras,Nikon,2026-02-16,107868.94,123986.98
PRD0034,Nikon Camera Model 441,Cameras,Nikon,2026-02-17,113690.62,118810.03
PRD0034,Nikon Camera Model 441,Cameras,Nikon,2026-02-18,116699.33,97269.73
PRD0034,Nikon Camera Model 441,Cameras,Nikon,2026-02-19,115016.76,103766.82
PRD0034,Nikon Camera Model 441,Cameras,Nikon,2026-02-20,115299.73,102973.21
PRD0034,Nikon Camera Model 441,Cameras,Nikon,2026-02-21,123188.74,101600.05
PRD0035,Sennheiser Headphone Model 104,Headphones,Sennheiser,2026-02-15,18230.77,16407.88
PRD0035,Sennheiser Headphone Model 104,Headphones,Sennheiser,2026-02-16,17919.62,17853.52
PRD0035,Sennheiser Headphone Model 104,Headphones,Sennheiser,2026-02-17,17618.36,18797.27
PRD0035,Sennheiser Headphone Model 104,Headphones,Sennheiser,2026-02-18,16992.16,17273.08
PRD0035,Sennheiser Headphone Model 104,Headphones,Sennheiser,2026-02-19,17017.02,17577.06
PRD0035,Sennheiser Headphone Model 104,Headphones,Sennheiser,2026-02-20,15700.53,16269.38
PRD0035,Sennheiser Headphone Model 104,Headphones,Sennheiser,2026-02-21,17267.48,17642.7
PRD0036,Nikon Camera Model 205,Cameras,Nikon,2026-02-15,38754.19,39314.32
PRD0036,Nikon Camera Model 205,Cameras,Nikon,2026-02-16,39933.93,33818.4
PRD0036,Nikon Camera Model 205,Cameras,Nikon,2026-02-17,36184.75,35299.06
PRD0036,Nikon Camera Model 205,Cameras,Nikon,2026-02-18,36816.51,41994.32
PRD0036,Nikon Camera Model 205,Cameras,Nikon,2026-02-19,35454.09,41105.9
PRD0036,Nikon Camera Model 205,Cameras,Nikon,2026-02-20,36458.15,38527.23
PRD0036,Nikon Camera Model 205,Cameras,Nikon,2026-02-21,37804.04,35136.19
PRD0037,Google Smartphone Model 890,Smartphones,Google,2026-02-15,15981.19,15394.17
PRD0037,Google Smartphone Model 890,Smartphones,Google,2026-02-16,14849.5,15548.14
PRD0037,Google Smartphone Model 890,Smartphones,Google,2026-02-17,14921.61,15343.07
PRD0037,Google Smartphone Model 890,Smartphones,Google,2026-02-18,16186.11,16455.64
PRD0037,Google Smartphone Model 890,Smartphones,Google,2026-02-19,16363.98,13366.93
PRD0037,Google Smartphone Model 890,Smartphones,Google,2026-02-20,16337.19,14750.58
PRD0037,Google Smartphone Model 890,Smartphones,Google,2026-02-21,15691.38,18232.81
PRD0038,Asus Laptop Model 288,Laptops,Asus,2026-02-15,39938.18,44875.83
PRD0038,Asus Laptop Model 288,Laptops,Asus,2026-02-16,44027.57,41551.37
PRD0038,Asus Laptop Model 288,Laptops,Asus,2026-02-17,41519.32,38742.99
PRD0038,Asus Laptop Model 288,Laptops,Asus,2026-02-18,46003.98,42337.86
PRD0038,Asus Laptop Model 288,Laptops,Asus,2026-02-19,42170.24,42454.95
PRD0038,Asus Laptop Model 288,Laptops,Asus,2026-02-20,44517.7,37201.41
PRD0038,Asus Laptop Model 288,Laptops,Asus,2026-02-21,42992.33,44866.67
PRD0039,Amazon Tablet Model 796,Tablets,Amazon,2026-02-15,23850.17,20050.2
PRD0039,Amazon Tablet Model 796,Tablets,Amazon,2026-02-16,21751.87,21179.15
PRD0039,Amazon Tablet Model 796,Tablets,Amazon,2026-02-17,22628.77,20977.74
PRD0039,Amazon Tablet Model 796,Tablets,Amazon,2026-02-18,22372.32,24761.27
PRD0039,Amazon Tablet Model 796,Tablets,Amazon,2026-02-19,22984.27,21775.62
PRD0039,Amazon Tablet Model 796,Tablets,Amazon,2026-02-20,23549.78,22770.52
PRD0039,Amazon Tablet Model 796,Tablets,Amazon,2026-02-21,22395.08,18106.71
PRD0040,Bose Headphone Model 531,Headphones,Bose,2026-02-15,25869.98,20381.37
PRD0040,Bose Headphone Model 531,Headphones,Bose,2026-02-16,22968.5,19697.11
PRD0040,Bose Headphone Model 531,Headphones,Bose,2026-02-17,24538.63,21358.02
PRD0040,Bose Headphone Model 531,Headphones,Bose,2026-02-18,22772.19,20050.97
PRD0040,Bose Headphone Model 531,Headphones,Bose,2026-02-19,22477.64,24813.87
PRD0040,Bose Headphone Model 531,Headphones,Bose,2026-02-20,24723.75,23015.8
PRD0040,Bose Headphone Model 531,Headphones,Bose,2026-02-21,23923.8,25786.36
PRD0041,Fujifilm Camera Model 279,Cameras,Fujifilm,2026-02-15,81559.98,82131.96
PRD0041,Fujifilm Camera Model 279,Cameras,Fujifilm,2026-02-16,95075.36,91217.29
PRD0041,Fujifilm Camera Model 279,Cameras,Fujifilm,2026-02-17,84909.34,89153.24
PRD0041,Fujifilm Camera Model 279,Cameras,Fujifilm,2026-02-18,86159.87,89524.99
PRD0041,Fujifilm Camera Model 279,Cameras,Fujifilm,2026-02-19,83092.39,75399.99
PRD0041,Fujifilm Camera Model 279,Cameras,Fujifilm,2026-02-20,83344.12,103934.39
PRD0041,Fujifilm Camera Model 279,Cameras,Fujifilm,2026-02-21,91678.56,76448.85
PRD0042,Samsung Smartphone Model 995,Smartphones,Samsung,2026-02-15,56167.28,64573.19
PRD0042,Samsung Smartphone Model 995,Smartphones,Samsung,2026-02-16,55862.86,52838.44
PRD0042,Samsung Smartphone Model 995,Smartphones,Samsung,2026-02-17,63497.52,53328.98
PRD0042,Samsung Smartphone Model 995,Smartphones,Samsung,2026-02-18,60643.78,70432.72
PRD0042,Samsung Smartphone Model 995,Smartphones,Samsung,2026-02-19,57926.05,47706.18
PRD0042,Samsung Smartphone Model 995,Smartphones,Samsung,2026-02-20,56695.04,66938.92
PRD0042,Samsung Smartphone Model 995,Smartphones,Samsung,2026-02-21,62563.62,65464.41
PRD0043,Lenovo Tablet Model 367,Tablets,Lenovo,2026-02-15,65558.01,78144.58
PRD0043,Lenovo Tablet Model 367,Tablets,Lenovo,2026-02-16,74565.42,72696.4
PRD0043,Lenovo Tablet Model 367,Tablets,Lenovo,2026-02-17,74813.62,79020.32
PRD0043,Lenovo Tablet Model 367,Tablets,Lenovo,2026-02-18,71750.98,72041.61
PRD0043,Lenovo Tablet Model 367,Tablets,Lenovo,2026-02-19,68190.84,60359.86
PRD0043,Lenovo Tablet Model 367,Tablets,Lenovo,2026-02-20,71057.54,64799.56
PRD0043,Lenovo Tablet Model 367,Tablets,Lenovo,2026-02-21,73981.31,83674.54
PRD0044,Google Smartphone Model 948,Smartphones,Google,2026-02-15,38858.51,31231.8
PRD0044,Google Smartphone Model 948,Smartphones,Google,2026-02-16,36087.19,31510.1
PRD0044,Google Smartphone Model 948,Smartphones,Google,2026-02-17,38249.46,41311.95
PRD0044,Google Smartphone Model 948,Smartphones,Google,2026-02-18,39893.83,36426.29
PRD0044,Google Smartphone Model 948,Smartphones,Google,2026-02-19,39748.62,42995.69
PRD0044,Google Smartphone Model 948,Smartphones,Google,2026-02-20,36257.56,42861.38
PRD0044,Google Smartphone Model 948,Smartphones,Google,2026-02-21,36607.02,34315.23
PRD0045,Bose Headphone Model 725,Headphones,Bose,2026-02-15,25649.54,23332.24
PRD0045,Bose Headphone Model 725,Headphones,Bose,2026-02-16,25573.92,26152.6
PRD0045,Bose Headphone Model 725,Headphones,Bose,2026-02-17,25306.28,23853.71
PRD0045,Bose Headphone Model 725,Headphones,Bose,2026-02-18,25246.4,26018.86
PRD0045,Bose Headphone Model 725,Headphones,Bose,2026-02-19,25235.13,24495.04
PRD0045,Bose Headphone Model 725,Headphones,Bose,2026-02-20,23106.63,25924.43
PRD0045,Bose Headphone Model 725,Headphones,Bose,2026-02-21,23723.02,26480.73
PRD0046,Canon Camera Model 291,Cameras,Canon,2026-02-15,58047.73,55744.93
PRD0046,Canon Camera Model 291,Cameras,Canon,2026-02-16,56112.78,65800.26
PRD0046,Canon Camera Model 291,Cameras,Canon,2026-02-17,58830.9,64969.99
PRD0046,Canon Camera Model 291,Cameras,Canon,2026-02-18,58533.04,47016.23
PRD0046,Canon Camera Model 291,Cameras,Canon,2026-02-19,52604.85,56328.55
PRD0046,Canon Camera Model 291,Cameras,Canon,2026-02-20,53470.55,55215.45
PRD0046,Canon Camera Model 291,Cameras,Canon,2026-02-21,54792.99,56836.64
PRD0047,Fujifilm Camera Model 794,Cameras,Fujifilm,2026-02-15,58428.22,61052.93
PRD0047,Fujifilm Camera Model 794,Cameras,Fujifilm,2026-02-16,56398.96,63456.44
PRD0047,Fujifilm Camera Model 794,Cameras,Fujifilm,2026-02-17,55586.22,65127.41
PRD0047,Fujifilm Camera Model 794,Cameras,Fujifilm,2026-02-18,52352.4,66430.21
PRD0047,Fujifilm Camera Model 794,Cameras,Fujifilm,2026-02-19,57599.2,53511.69
PRD0047,Fujifilm Camera Model 794,Cameras,Fujifilm,2026-02-20,53484.42,55739.97
PRD0047,Fujifilm Camera Model 794,Cameras,Fujifilm,2026-02-21,53461.08,48706.07
PRD0048,Sony Camera Model 276,Cameras,Sony,2026-02-15,61079.71,60507.61
PRD0048,Sony Camera Model 276,Cameras,Sony,2026-02-16,61585.67,70256.64
PRD0048,Sony Camera Model 276,Cameras,Sony,2026-02-17,60263.46,61894.88
PRD0048,Sony Camera Model 276,Cameras,Sony,2026-02-18,56017.43,65173.25
PRD0048,Sony Camera Model 276,Cameras,Sony,2026-02-19,58993.83,71386.63
PRD0048,Sony Camera Model 276,Cameras,Sony,2026-02-20,63054.09,60493.13
PRD0048,Sony Camera Model 276,Cameras,Sony,2026-02-21,56339.71,68573.37
PRD0049,JBL Headphone Model 466,Headphones,JBL,2026-02-15,30551.32,25474.88
PRD0049,JBL Headphone Model 466,Headphones,JBL,2026-02-16,28198.08,32574.48
PRD0049,JBL Headphone Model 466,Headphones,JBL,2026-02-17,27684.75,34024.5
PRD0049,JBL Headphone Model 466,Headphones,JBL,2026-02-18,28800.96,24337.38
PRD0049,JBL Headphone Model 466,Headphones,JBL,2026-02-19,30625.8,27677.97
PRD0049,JBL Headphone Model 466,Headphones,JBL,2026-02-20,29276.6,24632.0
PRD0049,JBL Headphone Model 466,Headphones,JBL,2026-02-21,26832.81,30762.07
PRD0050,Asus Laptop Model 141,Laptops,Asus,2026-02-15,130095.11,134635.77
PRD0050,Asus Laptop Model 141,Laptops,Asus,2026-02-16,135879.53,137390.61
PRD0050,Asus Laptop Model 141,Laptops,Asus,2026-02-17,123026.74,122552.42
PRD0050,Asus Laptop Model 141,Laptops,Asus,2026-02-18,138208.25,143793.37
PRD0050,Asus Laptop Model 141,Laptops,Asus,2026-02-19,130956.06,117095.04
PRD0050,Asus Laptop Model 141,Laptops,Asus,2026-02-20,125669.83,141821.41
PRD0050,Asus Laptop Model 141,Laptops,Asus,2026-02-21,137072.06,138679.0
PRD0051,Sony Headphone Model 591,Headphones,Sony,2026-02-15,25844.55,27251.56
PRD0051,Sony Headphone Model 591,Headphones,Sony,2026-02-16,23244.83,23875.86
PRD0051,Sony Headphone Model 591,Headphones,Sony,2026-02-17,23257.76,22017.07
PRD0051,Sony Headphone Model 591,Headphones,Sony,2026-02-18,26079.88,24357.99
PRD0051,Sony Headphone Model 591,Headphones,Sony,2026-02-19,24764.31,21457.69
PRD0051,Sony Headphone Model 591,Headphones,Sony,2026-02-20,23885.35,21967.92
PRD0051,Sony Headphone Model 591,Headphones,Sony,2026-02-21,23467.37,25983.91
PRD0052,Apple Smartphone Model 438,Smartphones,Apple,2026-02-15,62176.53,68109.19
PRD0052,Apple Smartphone Model 438,Smartphones,Apple,2026-02-16,60122.62,55423.12
PRD0052,Apple Smartphone Model 438,Smartphones,Apple,2026-02-17,62359.29,67204.3
PRD0052,Apple Smartphone Model 438,Smartphones,Apple,2026-02-18,66513.11,63210.68
PRD0052,Apple Smartphone Model 438,Smartphones,Apple,2026-02-19,64131.89,70502.87
PRD0052,Apple Smartphone Model 438,Smartphones,Apple,2026-02-20,59681.32,60580.85
PRD0052,Apple Smartphone Model 438,Smartphones,Apple,2026-02-21,67991.9,67364.03
PRD0053,Sennheiser Headphone Model 351,Headphones,Sennheiser,2026-02-15,4033.15,4812.71
PRD0053,Sennheiser Headphone Model 351,Headphones,Sennheiser,2026-02-16,4321.63,3751.57
PRD0053,Sennheiser Headphone Model 351,Headphones,Sennheiser,2026-02-17,4237.26,4299.6
PRD0053,Sennheiser Headphone Model 351,Headphones,Sennheiser,2026-02-18,4075.53,3920.63
PRD0053,Sennheiser Headphone Model 351,Headphones,Sennheiser,2026-02-19,4037.35,4335.06
PRD0053,Sennheiser Headphone Model 351,Headphones,Sennheiser,2026-02-20,4102.84,4690.7
PRD0053,Sennheiser Headphone Model 351,Headphones,Sennheiser,2026-02-21,4253.37,3428.63
PRD0054,Amazon Tablet Model 853,Tablets,Amazon,2026-02-15,20190.89,17940.25
PRD0054,Amazon Tablet Model 853,Tablets,Amazon,2026-02-16,20041.26,21170.9
PRD0054,Amazon Tablet Model 853,Tablets,Amazon,2026-02-17,18897.51,19407.22
PRD0054,Amazon Tablet Model 853,Tablets,Amazon,2026-02-18,18769.53,16211.84
PRD0054,Amazon Tablet Model 853,Tablets,Amazon,2026-02-19,19364.02,18665.37
PRD0054,Amazon Tablet Model 853,Tablets,Amazon,2026-02-20,21313.56,19324.23
PRD0054,Amazon Tablet Model 853,Tablets,Amazon,2026-02-21,19222.13,20383.69
PRD0055,Amazon Tablet Model 289,Tablets,Amazon,2026-02-15,27729.94,35164.45
PRD0055,Amazon Tablet Model 289,Tablets,Amazon,2026-02-16,30323.96,32708.74
PRD0055,Amazon Tablet Model 289,Tablets,Amazon,2026-02-17,28118.01,28608.21
PRD0055,Amazon Tablet Model 289,Tablets,Amazon,2026-02-18,29315.83,33503.87
PRD0055,Amazon Tablet Model 289,Tablets,Amazon,2026-02-19,27314.23,27318.49
PRD0055,Amazon Tablet Model 289,Tablets,Amazon,2026-02-20,31968.53,29384.82
PRD0055,Amazon Tablet Model 289,Tablets,Amazon,2026-02-21,29125.08,25169.15
PRD0056,Apple Headphone Model 928,Headphones,Apple,2026-02-15,25498.03,19149.85
PRD0056,Apple Headphone Model 928,Headphones,Apple,2026-02-16,24599.39,26246.33
PRD0056,Apple Headphone Model 928,Headphones,Apple,2026-02-17,22727.95,25326.37
PRD0056,Apple Headphone Model 928,Headphones,Apple,2026-02-18,22156.39,21396.81
PRD0056,Apple Headphone Model 928,Headphones,Apple,2026-02-19,24791.72,27157.23
PRD0056,Apple Headphone Model 928,Headphones,Apple,2026-02-20,24111.38,23764.83
PRD0056,Apple Headphone Model 928,Headphones,Apple,2026-02-21,22408.08,19558.27
PRD0057,Sony Headphone Model 146,Headphones,Sony,2026-02-15,15735.63,14933.09
PRD0057,Sony Headphone Model 146,Headphones,Sony,2026-02-16,16336.41,15962.57
PRD0057,Sony Headphone Model 146,Headphones,Sony,2026-02-17,16348.87,15011.52
PRD0057,Sony Headphone Model 146,Headphones,Sony,2026-02-18,16787.08,18941.85
PRD0057,Sony Headphone Model 146,Headphones,Sony,2026-02-19,16170.22,19726.94
PRD0057,Sony Headphone Model 146,Headphones,Sony,2026-02-20,17762.2,14493.33
PRD0057,Sony Headphone Model 146,Headphones,Sony,2026-02-21,17528.72,17261.06
PRD0058,Lenovo Laptop Model 429,Laptops,Lenovo,2026-02-15,120125.09,113678.78
PRD0058,Lenovo Laptop Model 429,Laptops,Lenovo,2026-02-16,118880.93,113970.51
PRD0058,Lenovo Laptop Model 429,Laptops,Lenovo,2026-02-17,119614.61,124942.21
PRD0058,Lenovo Laptop Model 429,Laptops,Lenovo,2026-02-18,122173.81,120403.27
PRD0058,Lenovo Laptop Model 429,Laptops,Lenovo,2026-02-19,123069.88,101804.07
PRD0058,Lenovo Laptop Model 429,Laptops,Lenovo,2026-02-20,113381.64,134012.81
PRD0058,Lenovo Laptop Model 429,Laptops,Lenovo,2026-02-21,115483.94,96175.65
PRD0059,Bose Headphone Model 797,Headphones,Bose,2026-02-15,4457.6,4197.29
PRD0059,Bose Headphone Model 797,Headphones,Bose,2026-02-16,5064.3,4856.87
PRD0059,Bose Headphone Model 797,Headphones,Bose,2026-02-17,5045.73,4860.88
PRD0059,Bose Headphone Model 797,Headphones,Bose,2026-02-18,4703.41,4367.39
PRD0059,Bose Headphone Model 797,Headphones,Bose,2026-02-19,4799.31,4037.95
PRD0059,Bose Headphone Model 797,Headphones,Bose,2026-02-20,5019.7,5340.65
PRD0059,Bose Headphone Model 797,Headphones,Bose,2026-02-21,4581.23,5573.7
PRD0060,Dell Laptop Model 823,Laptops,Dell,2026-02-15,124930.92,126651.71
PRD0060,Dell Laptop Model 823,Laptops,Dell,2026-02-16,111565.36,117718.1
PRD0060,Dell Laptop Model 823,Laptops,Dell,2026-02-17,118868.05,106047.98
PRD0060,Dell Laptop Model 823,Laptops,Dell,2026-02-18,110771.21,131896.59
PRD0060,Dell Laptop Model 823,Laptops,Dell,2026-02-19,111570.55,123230.89
PRD0060,Dell Laptop Model 823,Laptops,Dell,2026-02-20,127044.67,136617.3
PRD0060,Dell Laptop Model 823,Laptops,Dell,2026-02-21,114529.23,135446.09
PRD0061,Canon Camera Model 923,Cameras,Canon,2026-02-15,78705.95,69041.24
PRD0061,Canon Camera Model 923,Cameras,Canon,2026-02-16,86948.67,80918.67
PRD0061,Canon Camera Model 923,Cameras,Canon,2026-02-17,83990.97,87750.05
PRD0061,Canon Camera Model 923,Cameras,Canon,2026-02-18,81326.36,75681.84
PRD0061,Canon Camera Model 923,Cameras,Canon,2026-02-19,85334.24,94245.05
PRD0061,Canon Camera Model 923,Cameras,Canon,2026-02-20,87180.59,78610.9
PRD0061,Canon Camera Model 923,Cameras,Canon,2026-02-21,84591.51,74275.81
PRD0062,Lenovo Laptop Model 381,Laptops,Lenovo,2026-02-15,95330.09,113859.02
PRD0062,Lenovo Laptop Model 381,Laptops,Lenovo,2026-02-16,98452.16,89107.23
PRD0062,Lenovo Laptop Model 381,Laptops,Lenovo,2026-02-17,105428.16,107122.3
PRD0062,Lenovo Laptop Model 381,Laptops,Lenovo,2026-02-18,104471.88,91199.23
PRD0062,Lenovo Laptop Model 381,Laptops,Lenovo,2026-02-19,97916.28,90868.14
PRD0062,Lenovo Laptop Model 381,Laptops,Lenovo,2026-02-20,96952.4,108663.71
PRD0062,Lenovo Laptop Model 381,Laptops,Lenovo,2026-02-21,107987.88,111470.35
PRD0063,Asus Laptop Model 922,Laptops,Asus,2026-02-15,84725.87,77860.64
PRD0063,Asus Laptop Model 922,Laptops,Asus,2026-02-16,82938.42,76223.58
PRD0063,Asus Laptop Model 922,Laptops,Asus,2026-02-17,81273.31,80348.39
PRD0063,Asus Laptop Model 922,Laptops,Asus,2026-02-18,76758.4,77286.93
PRD0063,Asus Laptop Model 922,Laptops,Asus,2026-02-19,86949.91,72802.73
PRD0063,Asus Laptop Model 922,Laptops,Asus,2026-02-20,76200.44,78306.87
PRD0063,Asus Laptop Model 922,Laptops,Asus,2026-02-21,84703.13,83602.73
PRD0064,Apple Smartphone Model 244,Smartphones,Apple,2026-02-15,65163.78,55469.35
PRD0064,Apple Smartphone Model 244,Smartphones,Apple,2026-02-16,64535.28,58858.91
PRD0064,Apple Smartphone Model 244,Smartphones,Apple,2026-02-17,66717.43,66605.4
PRD0064,Apple Smartphone Model 244,Smartphones,Apple,2026-02-18,60278.57,52300.87
PRD0064,Apple Smartphone Model 244,Smartphones,Apple,2026-02-19,58695.59,60072.52
PRD0064,Apple Smartphone Model 244,Smartphones,Apple,2026-02-20,60957.42,67030.76
PRD0064,Apple Smartphone Model 244,Smartphones,Apple,2026-02-21,63323.25,57402.8
PRD0065,HP Laptop Model 194,Laptops,HP,2026-02-15,71911.24,64825.99
PRD0065,HP Laptop Model 194,Laptops,HP,2026-02-16,80632.18,68369.54
PRD0065,HP Laptop Model 194,Laptops,HP,2026-02-17,78036.34,85655.09
PRD0065,HP Laptop Model 194,Laptops,HP,2026-02-18,77577.64,87144.68
PRD0065,HP Laptop Model 194,Laptops,HP,2026-02-19,74875.29,90090.28
PRD0065,HP Laptop Model 194,Laptops,HP,2026-02-20,71715.07,64062.59
PRD0065,HP Laptop Model 194,Laptops,HP,2026-02-21,78121.44,89682.19
PRD0066,Apple Laptop Model 833,Laptops,Apple,2026-02-15,154143.21,121996.97
PRD0066,Apple Laptop Model 833,Laptops,Apple,2026-02-16,141698.82,172166.78
PRD0066,Apple Laptop Model 833,Laptops,Apple,2026-02-17,141080.52,163403.77
PRD0066,Apple Laptop Model 833,Laptops,Apple,2026-02-18,154525.07,146616.79
PRD0066,Apple Laptop Model 833,Laptops,Apple,2026-02-19,144213.04,143953.63
PRD0066,Apple Laptop Model 833,Laptops,Apple,2026-02-20,140467.28,169762.12
PRD0066,Apple Laptop Model 833,Laptops,Apple,2026-02-21,145723.49,169354.87
PRD0067,Lenovo Tablet Model 803,Tablets,Lenovo,2026-02-15,28839.06,36792.84
PRD0067,Lenovo Tablet Model 803,Tablets,Lenovo,2026-02-16,30501.62,25213.71
PRD0067,Lenovo Tablet Model 803,Tablets,Lenovo,2026-02-17,28505.78,33812.4
PRD0067,Lenovo Tablet Model 803,Tablets,Lenovo,2026-02-18,31564.24,34500.95
PRD0067,Lenovo Tablet Model 803,Tablets,Lenovo,2026-02-19,28837.45,25062.76
PRD0067,Lenovo Tablet Model 803,Tablets,Lenovo,2026-02-20,30823.25,29397.03
PRD0067,Lenovo Tablet Model 803,Tablets,Lenovo,2026-02-21,30593.59,36833.63
PRD0068,Sony Headphone Model 580,Headphones,Sony,2026-02-15,23275.3,25474.57
PRD0068,Sony Headphone Model 580,Headphones,Sony,2026-02-16,22628.0,20388.22
PRD0068,Sony Headphone Model 580,Headphones,Sony,2026-02-17,21340.69,22074.58
PRD0068,Sony Headphone Model 580,Headphones,Sony,2026-02-18,22789.71,17910.92
PRD0068,Sony Headphone Model 580,Headphones,Sony,2026-02-19,21382.82,18031.3
PRD0068,Sony Headphone Model 580,Headphones,Sony,2026-02-20,21695.76,25098.68
PRD0068,Sony Headphone Model 580,Headphones,Sony,2026-02-21,22623.3,19288.66
PRD0069,HP Laptop Model 951,Laptops,HP,2026-02-15,64529.69,63976.93
PRD0069,HP Laptop Model 951,Laptops,HP,2026-02-16,55266.0,54096.54
PRD0069,HP Laptop Model 951,Laptops,HP,2026-02-17,57667.26,49631.48
PRD0069,HP Laptop Model 951,Laptops,HP,2026-02-18,64374.61,59441.45
PRD0069,HP Laptop Model 951,Laptops,HP,2026-02-19,63760.48,55698.8
PRD0069,HP Laptop Model 951,Laptops,HP,2026-02-20,56367.46,59347.45
PRD0069,HP Laptop Model 951,Laptops,HP,2026-02-21,56259.27,59627.58
PRD0070,Lenovo Tablet Model 860,Tablets,Lenovo,2026-02-15,22683.28,21430.56
PRD0070,Lenovo Tablet Model 860,Tablets,Lenovo,2026-02-16,21650.17,18334.88
PRD0070,Lenovo Tablet Model 860,Tablets,Lenovo,2026-02-17,19702.41,17945.24
PRD0070,Lenovo Tablet Model 860,Tablets,Lenovo,2026-02-18,21589.07,17810.95
PRD0070,Lenovo Tablet Model 860,Tablets,Lenovo,2026-02-19,20832.3,21679.86
PRD0070,Lenovo Tablet Model 860,Tablets,Lenovo,2026-02-20,20875.35,18394.77
PRD0070,Lenovo Tablet Model 860,Tablets,Lenovo,2026-02-21,20484.75,24895.38
PRD0071,Lenovo Tablet Model 192,Tablets,Lenovo,2026-02-15,49797.76,48357.43
PRD0071,Lenovo Tablet Model 192,Tablets,Lenovo,2026-02-16,44657.81,57973.86
PRD0071,Lenovo Tablet Model 192,Tablets,Lenovo,2026-02-17,49762.68,44887.13
PRD0071,Lenovo Tablet Model 192,Tablets,Lenovo,2026-02-18,51373.12,43753.95
PRD0071,Lenovo Tablet Model 192,Tablets,Lenovo,2026-02-19,48775.1,51070.18
PRD0071,Lenovo Tablet Model 192,Tablets,Lenovo,2026-02-20,46272.4,57702.28
PRD0071,Lenovo Tablet Model 192,Tablets,Lenovo,2026-02-21,50357.35,49554.05
PRD0072,Asus Laptop Model 623,Laptops,Asus,2026-02-15,137286.15,118860.88
PRD0072,Asus Laptop Model 623,Laptops,Asus,2026-02-16,140514.6,159332.46
PRD0072,Asus Laptop Model 623,Laptops,Asus,2026-02-17,139340.3,146969.2
PRD0072,Asus Laptop Model 623,Laptops,Asus,2026-02-18,149956.7,121990.92
PRD0072,Asus Laptop Model 623,Laptops,Asus,2026-02-19,148969.43,121060.75
PRD0072,Asus Laptop Model 623,Laptops,Asus,2026-02-20,155447.2,144008.35
PRD0072,Asus Laptop Model 623,Laptops,Asus,2026-02-21,136593.57,135558.43
PRD0073,Amazon Tablet Model 125,Tablets,Amazon,2026-02-15,19162.8,21438.82
PRD0073,Amazon Tablet Model 125,Tablets,Amazon,2026-02-16,20188.83,20302.09
PRD0073,Amazon Tablet Model 125,Tablets,Amazon,2026-02-17,18206.79,16723.72
PRD0073,Amazon Tablet Model 125,Tablets,Amazon,2026-02-18,18168.94,20031.85
PRD0073,Amazon Tablet Model 125,Tablets,Amazon,2026-02-19,20604.57,18917.44
PRD0073,Amazon Tablet Model 125,Tablets,Amazon,2026-02-20,18377.54,19883.15
PRD0073,Amazon Tablet Model 125,Tablets,Amazon,2026-02-21,20401.28,21310.78
PRD0074,Xiaomi Smartphone Model 315,Smartphones,Xiaomi,2026-02-15,82400.82,70761.66
PRD0074,Xiaomi Smartphone Model 315,Smartphones,Xiaomi,2026-02-16,73858.14,89459.77
PRD0074,Xiaomi Smartphone Model 315,Smartphones,Xiaomi,2026-02-17,79618.81,71787.62
PRD0074,Xiaomi Smartphone Model 315,Smartphones,Xiaomi,2026-02-18,80672.36,87449.96
PRD0074,Xiaomi Smartphone Model 315,Smartphones,Xiaomi,2026-02-19,79089.69,83497.51
PRD0074,Xiaomi Smartphone Model 315,Smartphones,Xiaomi,2026-02-20,76111.01,78863.06
PRD0074,Xiaomi Smartphone Model 315,Smartphones,Xiaomi,2026-02-21,77961.2,88472.9
PRD0075,Microsoft Tablet Model 373,Tablets,Microsoft,2026-02-15,58982.81,63384.06
PRD0075,Microsoft Tablet Model 373,Tablets,Microsoft,2026-02-16,51563.54,61523.83
PRD0075,Microsoft Tablet Model 373,Tablets,Microsoft,2026-02-17,58255.26,59931.4
PRD0075,Microsoft Tablet Model 373,Tablets,Microsoft,2026-02-18,58233.67,63591.93
PRD0075,Microsoft Tablet Model 373,Tablets,Microsoft,2026-02-19,55674.34,55985.88
PRD0075,Microsoft Tablet Model 373,Tablets,Microsoft,2026-02-20,52581.04,53375.17
PRD0075,Microsoft Tablet Model 373,Tablets,Microsoft,2026-02-21,57223.18,62214.23
PRD0076,HP Laptop Model 636,Laptops,HP,2026-02-15,83937.15,75178.68
PRD0076,HP Laptop Model 636,Laptops,HP,2026-02-16,90208.41,70398.11
PRD0076,HP Laptop Model 636,Laptops,HP,2026-02-17,83390.86,71354.32
PRD0076,HP Laptop Model 636,Laptops,HP,2026-02-18,83229.27,76708.27
PRD0076,HP Laptop Model 636,Laptops,HP,2026-02-19,86334.97,84480.24
PRD0076,HP Laptop Model 636,Laptops,HP,2026-02-20,93179.53,88270.52
PRD0076,HP Laptop Model 636,Laptops,HP,2026-02-21,91057.5,73994.09
PRD0077,Bose Headphone Model 875,Headphones,Bose,2026-02-15,13298.94,15039.18
PRD0077,Bose Headphone Model 875,Headphones,Bose,2026-02-16,12914.72,13835.43
PRD0077,Bose Headphone Model 875,Headphones,Bose,2026-02-17,14131.16,14478.34
PRD0077,Bose Headphone Model 875,Headphones,Bose,2026-02-18,12848.24,12920.21
PRD0077,Bose Headphone Model 875,Headphones,Bose,2026-02-19,14213.77,11957.03
PRD0077,Bose Headphone Model 875,Headphones,Bose,2026-02-20,14344.92,15278.33
PRD0077,Bose Headphone Model 875,Headphones,Bose,2026-02-21,14982.67,12295.56
PRD0078,OnePlus Smartphone Model 840,Smartphones,OnePlus,2026-02-15,28678.09,27481.31
PRD0078,OnePlus Smartphone Model 840,Smartphones,OnePlus,2026-02-16,26708.09,23142.4
PRD0078,OnePlus Smartphone Model 840,Smartphones,OnePlus,2026-02-17,28287.18,24379.79
PRD0078,OnePlus Smartphone Model 840,Smartphones,OnePlus,2026-02-18,26699.19,22489.96
PRD0078,OnePlus Smartphone Model 840,Smartphones,OnePlus,2026-02-19,28574.44,30166.88
PRD0078,OnePlus Smartphone Model 840,Smartphones,OnePlus,2026-02-20,28278.94,25073.13
PRD0078,OnePlus Smartphone Model 840,Smartphones,OnePlus,2026-02-21,25835.85,28759.88
PRD0079,Apple Tablet Model 998,Tablets,Apple,2026-02-15,28028.8,24436.51
PRD0079,Apple Tablet Model 998,Tablets,Apple,2026-02-16,28880.25,33555.65
PRD0079,Apple Tablet Model 998,Tablets,Apple,2026-02-17,29155.36,30738.26
PRD0079,Apple Tablet Model 998,Tablets,Apple,2026-02-18,30066.72,24713.42
PRD0079,Apple Tablet Model 998,Tablets,Apple,2026-02-19,28340.15,33426.87
PRD0079,Apple Tablet Model 998,Tablets,Apple,2026-02-20,26544.05,30292.51
PRD0079,Apple Tablet Model 998,Tablets,Apple,2026-02-21,28431.06,29016.16
PRD0080,Sony Headphone Model 603,Headphones,Sony,2026-02-15,15388.78,17480.44
PRD0080,Sony Headphone Model 603,Headphones,Sony,2026-02-16,15591.44,12268.55
PRD0080,Sony Headphone Model 603,Headphones,Sony,2026-02-17,15758.86,13279.36
PRD0080,Sony Headphone Model 603,Headphones,Sony,2026-02-18,14623.23,14688.67
PRD0080,Sony Headphone Model 603,Headphones,Sony,2026-02-19,14871.43,14530.23
PRD0080,Sony Headphone Model 603,Headphones,Sony,2026-02-20,15960.84,16146.27
PRD0080,Sony Headphone Model 603,Headphones,Sony,2026-02-21,15230.07,12231.0
PRD0081,Apple Headphone Model 509,Headphones,Apple,2026-02-15,7951.69,8692.09
PRD0081,Apple Headphone Model 509,Headphones,Apple,2026-02-16,7803.87,5996.2
PRD0081,Apple Headphone Model 509,Headphones,Apple,2026-02-17,6939.93,6648.08
PRD0081,Apple Headphone Model 509,Headphones,Apple,2026-02-18,7028.45,7166.76
PRD0081,Apple Headphone Model 509,Headphones,Apple,2026-02-19,7974.05,7385.53
PRD0081,Apple Headphone Model 509,Headphones,Apple,2026-02-20,6887.5,6819.93
PRD0081,Apple Headphone Model 509,Headphones,Apple,2026-02-21,6924.77,6083.61
PRD0082,Sony Camera Model 967,Cameras,Sony,2026-02-15,50378.87,47563.94
PRD0082,Sony Camera Model 967,Cameras,Sony,2026-02-16,54654.56,62178.8
PRD0082,Sony Camera Model 967,Cameras,Sony,2026-02-17,51177.21,50767.62
PRD0082,Sony Camera Model 967,Cameras,Sony,2026-02-18,55136.66,47407.73
PRD0082,Sony Camera Model 967,Cameras,Sony,2026-02-19,49381.13,59634.14
PRD0082,Sony Camera Model 967,Cameras,Sony,2026-02-20,48462.45,54755.91
PRD0082,Sony Camera Model 967,Cameras,Sony,2026-02-21,52772.3,49033.49
PRD0083,Bose Headphone Model 267,Headphones,Bose,2026-02-15,18869.05,21558.4
PRD0083,Bose Headphone Model 267,Headphones,Bose,2026-02-16,18157.35,17396.81
PRD0083,Bose Headphone Model 267,Headphones,Bose,2026-02-17,20167.16,19819.82
PRD0083,Bose Headphone Model 267,Headphones,Bose,2026-02-18,18286.66,22416.1
PRD0083,Bose Headphone Model 267,Headphones,Bose,2026-02-19,19112.51,21994.03
PRD0083,Bose Headphone Model 267,Headphones,Bose,2026-02-20,20339.09,20411.73
PRD0083,Bose Headphone Model 267,Headphones,Bose,2026-02-21,19426.83,23173.75
PRD0084,Apple Tablet Model 417,Tablets,Apple,2026-02-15,31114.1,35958.97
PRD0084,Apple Tablet Model 417,Tablets,Apple,2026-02-16,31358.08,30853.85
PRD0084,Apple Tablet Model 417,Tablets,Apple,2026-02-17,31978.3,38886.73
PRD0084,Apple Tablet Model 417,Tablets,Apple,2026-02-18,35454.74,28805.33
PRD0084,Apple Tablet Model 417,Tablets,Apple,2026-02-19,30465.26,35891.05
PRD0084,Apple Tablet Model 417,Tablets,Apple,2026-02-20,32555.14,27562.66
PRD0084,Apple Tablet Model 417,Tablets,Apple,2026-02-21,33957.87,33583.18
PRD0085,Apple Tablet Model 419,Tablets,Apple,2026-02-15,21984.56,18189.03
PRD0085,Apple Tablet Model 419,Tablets,Apple,2026-02-16,20101.35,20762.43
PRD0085,Apple Tablet Model 419,Tablets,Apple,2026-02-17,21367.81,20813.82
PRD0085,Apple Tablet Model 419,Tablets,Apple,2026-02-18,20783.78,18178.72
PRD0085,Apple Tablet Model 419,Tablets,Apple,2026-02-19,21548.18,19832.2
PRD0085,Apple Tablet Model 419,Tablets,Apple,2026-02-20,19242.23,21755.76
PRD0085,Apple Tablet Model 419,Tablets,Apple,2026-02-21,19487.64,17128.7
PRD0086,Amazon Tablet Model 104,Tablets,Amazon,2026-02-15,32291.89,30037.6
PRD0086,Amazon Tablet Model 104,Tablets,Amazon,2026-02-16,31741.46,27967.16
PRD0086,Amazon Tablet Model 104,Tablets,Amazon,2026-02-17,31925.52,25785.89
PRD0086,Amazon Tablet Model 104,Tablets,Amazon,2026-02-18,29820.6,36360.94
PRD0086,Amazon Tablet Model 104,Tablets,Amazon,2026-02-19,31959.8,30490.5
PRD0086,Amazon Tablet Model 104,Tablets,Amazon,2026-02-20,29741.5,35067.63
PRD0086,Amazon Tablet Model 104,Tablets,Amazon,2026-02-21,30743.03,33679.27
PRD0087,Amazon Tablet Model 964,Tablets,Amazon,2026-02-15,22441.77,17406.8
PRD0087,Amazon Tablet Model 964,Tablets,Amazon,2026-02-16,20275.43,22941.96
PRD0087,Amazon Tablet Model 964,Tablets,Amazon,2026-02-17,20397.45,19455.89
PRD0087,Amazon Tablet Model 964,Tablets,Amazon,2026-02-18,23106.08,22084.13
PRD0087,Amazon Tablet Model 964,Tablets,Amazon,2026-02-19,22430.12,22065.14
PRD0087,Amazon Tablet Model 964,Tablets,Amazon,2026-02-20,21746.19,18064.15
PRD0087,Amazon Tablet Model 964,Tablets,Amazon,2026-02-21,21025.58,19688.25
PRD0088,Sony Camera Model 297,Cameras,Sony,2026-02-15,30754.73,35037.51
PRD0088,Sony Camera Model 297,Cameras,Sony,2026-02-16,30660.6,30697.21
PRD0088,Sony Camera Model 297,Cameras,Sony,2026-02-17,30788.05,26211.14
PRD0088,Sony Camera Model 297,Cameras,Sony,2026-02-18,31006.87,27490.78
PRD0088,Sony Camera Model 297,Cameras,Sony,2026-02-19,29733.01,26219.01
PRD0088,Sony Camera Model 297,Cameras,Sony,2026-02-20,30584.16,34525.88
PRD0088,Sony Camera Model 297,Cameras,Sony,2026-02-21,30182.35,28952.46
PRD0089,Canon Camera Model 510,Cameras,Canon,2026-02-15,88634.18,76113.11
PRD0089,Canon Camera Model 510,Cameras,Canon,2026-02-16,92159.81,87355.85
PRD0089,Canon Camera Model 510,Cameras,Canon,2026-02-17,85929.52,88660.19
PRD0089,Canon Camera Model 510,Cameras,Canon,2026-02-18,82025.58,90589.25
PRD0089,Canon Camera Model 510,Cameras,Canon,2026-02-19,84757.9,100423.43
PRD0089,Canon Camera Model 510,Cameras,Canon,2026-02-20,82064.68,86900.41
PRD0089,Canon Camera Model 510,Cameras,Canon,2026-02-21,88016.33,70481.96
PRD0090,Fujifilm Camera Model 795,Cameras,Fujifilm,2026-02-15,89890.85,100446.21
PRD0090,Fujifilm Camera Model 795,Cameras,Fujifilm,2026-02-16,96605.57,85027.21
PRD0090,Fujifilm Camera Model 795,Cameras,Fujifilm,2026-02-17,96285.28,109088.77
PRD0090,Fujifilm Camera Model 795,Cameras,Fujifilm,2026-02-18,97142.19,77840.36
PRD0090,Fujifilm Camera Model 795,Cameras,Fujifilm,2026-02-19,95419.8,85266.31
PRD0090,Fujifilm Camera Model 795,Cameras,Fujifilm,2026-02-20,99076.28,91356.83
PRD0090,Fujifilm Camera Model 795,Cameras,Fujifilm,2026-02-21,86343.57,100172.37
PRD0091,Lenovo Tablet Model 391,Tablets,Lenovo,2026-02-15,24434.88,30147.01
PRD0091,Lenovo Tablet Model 391,Tablets,Lenovo,2026-02-16,27077.41,26717.52
PRD0091,Lenovo Tablet Model 391,Tablets,Lenovo,2026-02-17,23657.6,27026.6
PRD0091,Lenovo Tablet Model 391,Tablets,Lenovo,2026-02-18,23509.55,20412.97
PRD0091,Lenovo Tablet Model 391,Tablets,Lenovo,2026-02-19,26446.43,22227.46
PRD0091,Lenovo Tablet Model 391,Tablets,Lenovo,2026-02-20,24660.26,29909.41
PRD0091,Lenovo Tablet Model 391,Tablets,Lenovo,2026-02-21,24490.52,23099.93
PRD0092,OnePlus Smartphone Model 317,Smartphones,OnePlus,2026-02-15,13275.6,10505.62
PRD0092,OnePlus Smartphone Model 317,Smartphones,OnePlus,2026-02-16,12959.8,14872.2
PRD0092,OnePlus Smartphone Model 317,Smartphones,OnePlus,2026-02-17,13241.93,13197.88
PRD0092,OnePlus Smartphone Model 317,Smartphones,OnePlus,2026-02-18,12072.82,11220.21
PRD0092,OnePlus Smartphone Model 317,Smartphones,OnePlus,2026-02-19,13078.6,14333.45
PRD0092,OnePlus Smartphone Model 317,Smartphones,OnePlus,2026-02-20,12493.64,11170.53
PRD0092,OnePlus Smartphone Model 317,Smartphones,OnePlus,2026-02-21,11672.42,10388.31
PRD0093,Sennheiser Headphone Model 904,Headphones,Sennheiser,2026-02-15,29510.38,27600.0
PRD0093,Sennheiser Headphone Model 904,Headphones,Sennheiser,2026-02-16,30360.15,31244.31
PRD0093,Sennheiser Headphone Model 904,Headphones,Sennheiser,2026-02-17,27102.6,29808.56
PRD0093,Sennheiser Headphone Model 904,Headphones,Sennheiser,2026-02-18,28216.79,29391.99
PRD0093,Sennheiser Headphone Model 904,Headphones,Sennheiser,2026-02-19,29597.01,32002.98
PRD0093,Sennheiser Headphone Model 904,Headphones,Sennheiser,2026-02-20,30079.05,25705.23
PRD0093,Sennheiser Headphone Model 904,Headphones,Sennheiser,2026-02-21,26372.06,31240.01
PRD0094,Lenovo Laptop Model 868,Laptops,Lenovo,2026-02-15,50334.57,49741.14
PRD0094,Lenovo Laptop Model 868,Laptops,Lenovo,2026-02-16,49453.37,57621.57
PRD0094,Lenovo Laptop Model 868,Laptops,Lenovo,2026-02-17,50857.04,57054.58
PRD0094,Lenovo Laptop Model 868,Laptops,Lenovo,2026-02-18,57944.47,44535.89
PRD0094,Lenovo Laptop Model 868,Laptops,Lenovo,2026-02-19,50083.04,50288.22
PRD0094,Lenovo Laptop Model 868,Laptops,Lenovo,2026-02-20,56867.05,47605.53
PRD0094,Lenovo Laptop Model 868,Laptops,Lenovo,2026-02-21,52517.96,44446.39
PRD0095,Amazon Tablet Model 408,Tablets,Amazon,2026-02-15,27817.95,25714.93
PRD0095,Amazon Tablet Model 408,Tablets,Amazon,2026-02-16,27801.26,31003.56
PRD0095,Amazon Tablet Model 408,Tablets,Amazon,2026-02-17,25552.62,29976.25
PRD0095,Amazon Tablet Model 408,Tablets,Amazon,2026-02-18,24810.87,30952.73
PRD0095,Amazon Tablet Model 408,Tablets,Amazon,2026-02-19,27337.94,30689.84
PRD0095,Amazon Tablet Model 408,Tablets,Amazon,2026-02-20,24559.28,23160.58
PRD0095,Amazon Tablet Model 408,Tablets,Amazon,2026-02-21,26223.16,25407.38
PRD0096,Apple Smartphone Model 517,Smartphones,Apple,2026-02-15,17849.86,17782.07
PRD0096,Apple Smartphone Model 517,Smartphones,Apple,2026-02-16,17557.53,18014.64
PRD0096,Apple Smartphone Model 517,Smartphones,Apple,2026-02-17,19569.0,18509.73
PRD0096,Apple Smartphone Model 517,Smartphones,Apple,2026-02-18,17226.48,18079.47
PRD0096,Apple Smartphone Model 517,Smartphones,Apple,2026-02-19,17253.88,22147.16
PRD0096,Apple Smartphone Model 517,Smartphones,Apple,2026-02-20,17553.37,20216.68
PRD0096,Apple Smartphone Model 517,Smartphones,Apple,2026-02-21,20077.97,21100.34
PRD0097,Apple Headphone Model 260,Headphones,Apple,2026-02-15,24103.93,26530.79
PRD0097,Apple Headphone Model 260,Headphones,Apple,2026-02-16,25159.69,24492.79
PRD0097,Apple Headphone Model 260,Headphones,Apple,2026-02-17,23580.2,24557.21
PRD0097,Apple Headphone Model 260,Headphones,Apple,2026-02-18,23481.12,24621.22
PRD0097,Apple Headphone Model 260,Headphones,Apple,2026-02-19,23171.54,20728.25
PRD0097,Apple Headphone Model 260,Headphones,Apple,2026-02-20,21939.7,19325.75
PRD0097,Apple Headphone Model 260,Headphones,Apple,2026-02-21,22474.41,19118.16
PRD0098,Apple Laptop Model 788,Laptops,Apple,2026-02-15,60458.86,54643.79
PRD0098,Apple Laptop Model 788,Laptops,Apple,2026-02-16,62921.98,49629.12
PRD0098,Apple Laptop Model 788,Laptops,Apple,2026-02-17,57197.03,65324.96
PRD0098,Apple Laptop Model 788,Laptops,Apple,2026-02-18,60761.65,49395.84
PRD0098,Apple Laptop Model 788,Laptops,Apple,2026-02-19,63426.39,68842.52
PRD0098,Apple Laptop Model 788,Laptops,Apple,2026-02-20,58192.91,55997.49
PRD0098,Apple Laptop Model 788,Laptops,Apple,2026-02-21,64496.28,62834.94
PRD0099,Lenovo Tablet Model 822,Tablets,Lenovo,2026-02-15,48963.11,55308.77
PRD0099,Lenovo Tablet Model 822,Tablets,Lenovo,2026-02-16,47045.33,47338.94
PRD0099,Lenovo Tablet Model 822,Tablets,Lenovo,2026-02-17,46908.81,54354.05
PRD0099,Lenovo Tablet Model 822,Tablets,Lenovo,2026-02-18,49290.76,51814.12
PRD0099,Lenovo Tablet Model 822,Tablets,Lenovo,2026-02-19,46788.23,43266.86
PRD0099,Lenovo Tablet Model 822,Tablets,Lenovo,2026-02-20,48628.38,53348.59
PRD0099,Lenovo Tablet Model 822,Tablets,Lenovo,2026-02-21,48915.74,39611.39
PRD0100,Samsung Smartphone Model 470,Smartphones,Samsung,2026-02-15,78445.19,61178.32
PRD0100,Samsung Smartphone Model 470,Smartphones,Samsung,2026-02-16,79479.58,60006.58
PRD0100,Samsung Smartphone Model 470,Smartphones,Samsung,2026-02-17,76381.69,61697.46
PRD0100,Samsung Smartphone Model 470,Smartphones,Samsung,2026-02-18,78944.47,73023.13
PRD0100,Samsung Smartphone Model 470,Smartphones,Samsung,2026-02-19,69780.82,69360.24
PRD0100,Samsung Smartphone Model 470,Smartphones,Samsung,2026-02-20,70104.39,64316.08
PRD0100,Samsung Smartphone Model 470,Smartphones,Samsung,2026-02-21,79388.12,72454.6
